{
  "admins": [
    {
      "username": "kyazze",
      "id": 35,
      "routers": [
        {
          "name": "kyazzespot",
          "id": 2,
          "revenue": 0
        }
      ],
      "globalRevenue": "500.00",
      "globalWithdrawn": 0,
      "globalBalance": 500,
      "legacyRevenue": "500.00",
      "recentSamples": [
        {
          "id": 15,
          "amount": "500.00",
          "router_id": null,
          "status": "success"
        },
        {
          "id": 10,
          "amount": "500.00",
          "router_id": null,
          "status": "pending"
        },
        {
          "id": 9,
          "amount": "500.00",
          "router_id": null,
          "status": "pending"
        },
        {
          "id": 8,
          "amount": "500.00",
          "router_id": null,
          "status": "pending"
        }
      ]
    },
    {
      "username": "Pitson",
      "id": 31,
      "routers": [],
      "globalRevenue": "5000.00",
      "globalWithdrawn": "5000.00",
      "globalBalance": 0,
      "legacyRevenue": "5000.00",
      "recentSamples": [
        {
          "id": 7,
          "amount": "1000.00",
          "router_id": null,
          "status": "pending"
        },
        {
          "id": 6,
          "amount": "1000.00",
          "router_id": null,
          "status": "failed"
        },
        {
          "id": 5,
          "amount": "1000.00",
          "router_id": null,
          "status": "success"
        },
        {
          "id": 4,
          "amount": "1000.00",
          "router_id": null,
          "status": "success"
        },
        {
          "id": 3,
          "amount": "1000.00",
          "router_id": null,
          "status": "success"
        },
        {
          "id": 2,
          "amount": "1000.00",
          "router_id": null,
          "status": "success"
        },
        {
          "id": 1,
          "amount": "1000.00",
          "router_id": null,
          "status": "success"
        }
      ]
    },
    {
      "username": "super",
      "id": 4,
      "routers": [],
      "globalRevenue": "950.00",
      "globalWithdrawn": 0,
      "globalBalance": 950,
      "legacyRevenue": "950.00",
      "recentSamples": [
        {
          "id": 14,
          "amount": "1000.00",
          "router_id": null,
          "status": "success"
        },
        {
          "id": 13,
          "amount": "1000.00",
          "router_id": null,
          "status": "pending"
        },
        {
          "id": 12,
          "amount": "1000.00",
          "router_id": null,
          "status": "pending"
        },
        {
          "id": 11,
          "amount": "1000.00",
          "router_id": null,
          "status": "pending"
        }
      ]
    }
  ]
}